benchmark,variant,effective_kv_bits,search_budget_bits,scale_mode,accuracy_pct,stderr_pp,expected_responses,observed_responses,successful_responses,evaluated_runs,uncertainty_basis,coverage,run_id,response_statistics_sha256,baseline_accuracy_pct,accuracy_drop_pp
AIME2025,BF16,16,,uniform control,67.03125,1.2431339808,1920,1920,1920,1,retained evaluator standard error,complete,d447ce0880c9093d,bd6f1b7705946f68fb80d5ea5bcb83e9756d3f69cec8689e8a333fcae49ca077,67.03125,0.00000
AIME2025,FP8,8,,uniform control,66.6145833333,0.912881176,1920,1920,1920,1,retained evaluator standard error,complete,619316a9812fb952,d7730e88649aa46d3c3347c304a4bbeeaa0c5546917508a9716634177dafa770,67.03125,-0.4166666667
AIME2025,Native 6.25,6.250003814697266,,fixed mixed control,66.1979166667,1.1098804,1920,1920,1920,1,retained evaluator standard error,complete,b104b8c493cdffc6,b2ecdcb026c3ed8ebccf190c047d10c52d839ea9943f0b2140ffc133d7fe137a,67.03125,-0.8333333333
AIME2025,AutoQuant 5.33,5.326392703586155,5.375,default,65.15625,0.9942983559,1920,1920,1920,1,retained evaluator standard error,complete,c30ba7a6323e2ea5,839f5eda34b1bace455d1a0ba4185be0e58591efeedf454f8681444639d9fd96,67.03125,-1.87500
AIME2025,AutoQuant 5.76,5.763892703586155,5.8125,default,66.7708333333,1.080282785,1920,1920,1920,1,retained evaluator standard error,complete,ac3f2941703fad8a,b31caae041754c595a8bcd86766065ef014193e36e9743d36a6a4963b3aa7ca8,67.03125,-0.2604166667
AIME2026,BF16,16,,uniform control,66.1979166667,0.6205405,1920,1920,1920,1,retained evaluator standard error,complete,c5fc78b1ae3ac5b9,0281a2bf25dac614ff5536142f0551bc63caa91dfe03676295fa455fec32084c,66.1979166667,0E-10
AIME2026,FP8,8,,uniform control,66.9270833333,0.6694086,1920,1920,1920,1,retained evaluator standard error,complete,0af7d0ee93f0656e,a22fab3d010123670f64c53924aba5fad32316891476e9df5408fa9a205d2235,66.1979166667,0.7291666666
AIME2026,NVFP4,4.5,,uniform control,66.1458333333,0.6812991969,1920,1920,1920,1,retained evaluator standard error,complete,eb803219fd7aa436,641dccdf2e82a54c7bb7642afc0c99f2709c68ee49da7a654b92c38e59823e71,66.1979166667,-0.0520833334
AIME2026,NVFP4 Four-over-Six,4.5,,uniform control,65.9895833333,0.7967488207,1920,1920,1920,1,retained evaluator standard error,complete,af45102aee11239b,d0ed4d6ed1f7ba5908b92d20c0cd549a281cb29624f336da5af8b3bb3d5b41bd,66.1979166667,-0.2083333334
AIME2026,Native 6.25,6.250003814697266,,fixed mixed control,67.2916666667,0.6161186,1920,1920,1920,1,retained evaluator standard error,complete,b1466674187d72b9,1df08166db792683ded03d12eed8ab7016579494e606467f08c57bd542892e57,66.1979166667,1.0937500000
AIME2026,AutoQuant 5.33,5.326392703586155,5.375,default,66.3020833333,0.6645021,1920,1920,1920,1,retained evaluator standard error,complete,43a53ba568f55c00,7fcd521a3e17526ae229ca817beeb281cabb1d750aeeeb4e5c41400b0fa78b27,66.1979166667,0.1041666666
AIME2026,AutoQuant 5.76,5.763892703586155,5.8125,default,65.5729166667,0.7045092,1920,1920,1920,1,retained evaluator standard error,complete,1db2dea5e96e342a,c501876a61cf148bce29c62f4f702b95b66af185a958fc7b6ae72cd3cfa36f62,66.1979166667,-0.6250000000
GPQA,BF16,16,,uniform control,59.1461489899,0.4307730663,12672,12672,12672,1,retained evaluator standard error,complete,9df121dd3156cc99,8171805e78e41f9e24d13daad0bcd6ef8686068caf6b5eac8ad5b98cb2a099af,59.1461489899,0E-10
GPQA,FP8,8,,uniform control,59.7932449495,0.4627207691,12672,12672,12672,1,retained evaluator standard error,complete,34e2b1a38e3cd56a,39a5236f123988513add3a899c1ecc09233ad1d2e41a249e5945cce4980138db,59.1461489899,0.6470959596
GPQA,NVFP4,4.5,,uniform control,57.9072,0.4696,12672,12672,12672,1,retained evaluator standard error,complete,c2b3e1987915554b,d4e4a40cbd527942a5669f9729da807b784d35c3cf475d3bc8fe32c1a2ac5277,59.1461489899,-1.2389489899
GPQA,NVFP4 Four-over-Six,4.5,,uniform control,57.6626,0.4132,12672,12672,12672,1,retained evaluator standard error,complete,edb9e83c442812c1,af60b7512d641bc88e2113f69e69a1cf872af6cd5105d49aa2ec246bc1f4321a,59.1461489899,-1.4835489899
GPQA,Native 6.25,6.250003814697266,,fixed mixed control,58.5621843434,0.4363072794,12672,12672,12672,1,retained evaluator standard error,complete,c2df0a93be8e21fc,493afe5c2fdb1450dd3a3f122e85ea8b7452e77470e96841d2eda1f4d1f2f997,59.1461489899,-0.5839646465
GPQA,AutoQuant 5.33,5.326392703586155,5.375,default,58.0886994949,0.4368373068,12672,12672,12672,1,retained evaluator standard error,complete,cc240e2e38858572,f34cbf03f19ea5ed85bd299f87cc4fa052576f11a4650c40bb1aeed17e35b892,59.1461489899,-1.0574494950
GPQA,AutoQuant 5.76,5.763892703586155,5.8125,default,58.9330808081,0.4295660611,12672,12672,12672,1,retained evaluator standard error,complete,330235f6a0906f48,d2d1e0e6bb4eb00015847890fd5a853f1ed8b5888e15c7b7d3acafdd54ec9d1a,59.1461489899,-0.2130681818
LiveCodeBench,BF16,16,,uniform control,55.2588105727,0.2836609,3632,3632,3632,1,retained evaluator standard error,complete,2852516a68615637,1ee0cd0ac51642021b1362102001ab55c81357a5201275874db48f04631e1ed5,55.2588105727,0E-10
LiveCodeBench,FP8,8,,uniform control,55.5892070485,0.2663335,3632,3632,3632,1,retained evaluator standard error,complete,8cfb0e90fcb99b51,4c08293d05f418637835db34da93b56dc9901ba33b9acfd6c9815ea8b996e322,55.2588105727,0.3303964758
LiveCodeBench,NVFP4,4.5,,uniform control,53.359030837,0.2488875396,3632,3632,3632,1,retained evaluator standard error,complete,04dc3f9e9261080b,9a5e547f070243902e08456a7d13de4f9c83bc9aaeb18a99a22548277033438c,55.2588105727,-1.8997797357
LiveCodeBench,NVFP4 Four-over-Six,4.5,,uniform control,54.2676211454,0.3354385051,3632,3632,3632,1,retained evaluator standard error,complete,0f6e5e140224462b,bd39fa7733a55075978bb40ab3a84f87b6fc284a85454fc05a401055da762aef,55.2588105727,-0.9911894273
LiveCodeBench,Native 6.25,6.250003814697266,,fixed mixed control,55.4515418502,0.3899318355,3632,3632,3632,1,retained evaluator standard error,complete,cdfebca75ac1538c,31e4880a558943609594a6bcc82f38cd534c3507bd02972cdf08ce6213a02fd5,55.2588105727,0.1927312775
LiveCodeBench,AutoQuant 5.33,5.326392703586155,5.375,default,54.7081497797,0.3555008,3632,3632,3632,1,retained evaluator standard error,complete,7e81dfdc15831851,9babcadffa70874ad36cd37fbe7744fad2367a59906c9058e325c4835c304c01,55.2588105727,-0.5506607930
LiveCodeBench,AutoQuant 5.76,5.763892703586155,5.8125,default,54.7081497797,0.3651188,3632,3632,3632,1,retained evaluator standard error,complete,0255a6ea0cb7f9ac,429092e0ade1aad58b371e11b0e98ec8fe02091c48d0d1783be4e0f8e196b603,55.2588105727,-0.5506607930
IFBench,BF16,16,,uniform control,32.8666666667,0.3645392831,1500,1500,1500,1,five prompt-loose repeat aggregates,complete,0e8e890b388d44a0,956e77237b5f418ef1a2466bc3d9fabf14471b6329358b37758632d0eb24c487,32.8666666667,0E-10
IFBench,FP8,8,,uniform control,35.4666666667,0.8416914188,1500,1500,1500,1,five prompt-loose repeat aggregates,complete,ea98f540e2c5a09d,bad480451660de9c568c588e9245a6dbab82ecbe554f70c8bb07413a0a032ff5,32.8666666667,2.6000000000
IFBench,NVFP4,4.5,,uniform control,31.8666666667,0.6828046736,1500,1500,1500,1,five prompt-loose repeat aggregates,complete,cb45f5af7c18f625,de7a10608ce3e976e8a23584d5753c8b03f4052873a019354ff2a97997349541,32.8666666667,-1.0000000000
IFBench,NVFP4 Four-over-Six,4.5,,uniform control,31.4,0.383550663,1500,1500,1500,1,five prompt-loose repeat aggregates,complete,055829139e76fdfe,9d3399ece46717964ed42904fc35842a9a6e79950d0a801a39909764a7f020f4,32.8666666667,-1.4666666667
IFBench,Native 6.25,6.250003814697266,,fixed mixed control,33.8,0.549343042,1500,1500,1500,1,five prompt-loose repeat aggregates,complete,09af635acac81ac5,3b8cbb86aa2c4d9c1045b8b59291175c88582a3e1ed2e969bec8f48d7b7e65a2,32.8666666667,0.9333333333
IFBench,AutoQuant 5.33,5.326392703586155,5.375,default,33.5333333333,0.5769652406,1500,1500,1500,1,five prompt-loose repeat aggregates,complete,8ead8183bccd45b1,fe70d1ab3a728b7a0b46e6e31446be9c9d68626e2f789b5ab485aa8297c307cf,32.8666666667,0.6666666666
IFBench,AutoQuant 5.76,5.763892703586155,5.8125,default,32.8,1.0706176826,1500,1500,1500,1,five prompt-loose repeat aggregates,complete,c5737396d3c3597c,8c05639c5edc22f3cec8ede037a0514b62a4362aedb8a67271afecc9389601c0,32.8666666667,-0.0666666667
RULER-128K,BF16,16,,uniform control,77.2953846154,0.4808081172,6500,6500,6500,1,retained evaluator standard error,complete,35c745e2bd343f20,a60f70e5ff087d40e620574435a4ee67e065b26ae8ec85405b220e7bceb8a720,77.2953846154,0E-10
RULER-128K,FP8,8,,uniform control,76.6792307692,0.4849603281,6500,6500,6500,1,retained evaluator standard error,complete,0da669e6b2973e47,ba4072c1c24c6db93d0ac0a016c84c4317e2a265e677ffbcdd8cf353d81b5549,77.2953846154,-0.6161538462
RULER-128K,NVFP4,4.5,,uniform control,70.7584615385,0.5191439907,6500,6500,6500,1,retained evaluator standard error,complete,b464b6af71dfb21d,9cc6615953e3c648a1a094fbb69dd2ce50d170fd71a855ee8735703593742a9f,77.2953846154,-6.5369230769
RULER-128K,NVFP4 Four-over-Six,4.5,,uniform control,71.2092307692,0.5216063139,6500,6500,6500,1,retained evaluator standard error,complete,98889c0725a1d596,8bfe80ca3e8eb8cb8568e2bf80a5bdc098d3e1b54257ba2aef7d19f237139547,77.2953846154,-6.0861538462
RULER-128K,Native 6.25,6.250003814697266,,fixed mixed control,76.32,0.4867454609,6500,6500,6500,1,retained evaluator standard error,complete,77d65ef41ce14c61,ae361f2634a2f4203185f02a9a877ed119294027ae4dbfa728a87a556913bbef,77.2953846154,-0.9753846154
RULER-128K,AutoQuant 5.33,5.326392703586155,5.375,default,75.2146153846,0.4986442535,6500,6500,6500,1,retained evaluator standard error,complete,122d0eddceaee4c4,7d3918a324ef821788b703fe349c5005ddb2eb6f438da1346b4a4138faea9350,77.2953846154,-2.0807692308
RULER-128K,AutoQuant 5.76,5.763892703586155,5.8125,default,76.2507692308,0.4893242623,6500,6500,6500,1,retained evaluator standard error,complete,db1747e14b9da97a,bb15105e2bbdde29159b5c23290d3e9970bc3f3d5a4bc6737e7928614f812272,77.2953846154,-1.0446153846
SciCode,BF16,16,,uniform control,20.3772189349,0.7746183547,2704,2696,2696,1,approximate binomial SE; 2704 subtasks/repeats treated as independent,fixed denominator; missing or unsuccessful generations remain failures,e547522a4e2bbaf8,5d2bb4436ae1b761555246212a6d12fa21544b1c1fc410f9dcf14c0922d44502,20.3772189349,0E-10
SciCode,FP8,8,,uniform control,19.2307692308,2.2033861927,2704,2696,2696,1,retained evaluator standard error,fixed denominator; missing or unsuccessful generations remain failures,87f3a5b43c71f76a,92de9285fab222919c105d100ee08f71b94fd39e1bf89169472a7deba58a117d,20.3772189349,-1.1464497041
SciCode,NVFP4,4.5,,uniform control,16.900887574,0.7206918409,2704,2696,2694,1,approximate binomial SE; 2704 subtasks/repeats treated as independent,fixed denominator; missing or unsuccessful generations remain failures,88e4268c578c62ba,f9dc1bd6417dfc223584e1ab8c2d4e2341b271e35df19b2ac05198b17b15b65c,20.3772189349,-3.4763313609
SciCode,NVFP4 Four-over-Six,4.5,,uniform control,17.6775147929,2.9004117626,2704,2696,2696,1,retained evaluator standard error,fixed denominator; missing or unsuccessful generations remain failures,5352b42e3f30598c,05d00e48f8256237a56f27d0308d7251edcfdcf474b25909c4e7011507a7eb6d,20.3772189349,-2.6997041420
SciCode,Native 6.25,6.250003814697266,,fixed mixed control,19.55128205128205,0.27036134368172215,8112,8072,8064,3,sample SD of three independent run accuracies / sqrt(3),fixed denominator in each run; all failures retained,ee00b3dfd7dbcdd6;0f9b9be765215a7a;489463b1115e73cb,819b5578160d959cd746c34d0b5835b4a34ca23df918082b53ee6aaa437ea3c7;0134f5e28b67d9584a79876a7541edcc6665538d6539b840fd3b432cdcb89719;17f4e54c414418dbab8caef23ab12c9aa0ec6b8205cb66b8a4b9b3433cb88d1f,20.3772189349,-0.82593688361795
SciCode,AutoQuant 5.33,5.326392703586155,5.375,default,19.6375739645,1.6010860572,2704,2696,2696,1,retained evaluator standard error,fixed denominator; missing or unsuccessful generations remain failures,05039954415822c5,6f35da30a947ff07c41eef03ba3cdf60ef57fa81e8281659b6246cd4bc6e46fc,20.3772189349,-0.7396449704
SciCode,AutoQuant 5.76,5.763892703586155,5.8125,default,20.47477744807122,3.151671891914785,2704,2692,2690,1,retained evaluator standard error,fixed denominator; missing or unsuccessful generations remain failures,58c99323c11e8f64,3642e29604c1c24fd3c22f546dca43379a5717085ebfb4161e69c7a0202b1772,20.3772189349,0.09755851317122
